context,count
C>A_ACA,131
C>A_ACC,85
C>A_ACG,19
C>A_ACT,87
C>A_CCA,115
C>A_CCC,68
C>A_CCG,24
C>A_CCT,117
C>A_GCA,130
C>A_GCC,55
C>A_GCG,9
C>A_GCT,101
C>A_TCA,116
C>A_TCC,116
C>A_TCG,15
C>A_TCT,182
C>G_ACA,42
C>G_ACC,25
C>G_ACG,6
C>G_ACT,43
C>G_CCA,23
C>G_CCC,25
C>G_CCG,18
C>G_CCT,37
C>G_GCA,21
C>G_GCC,25
C>G_GCG,10
C>G_GCT,19
C>G_TCA,53
C>G_TCC,39
C>G_TCG,12
C>G_TCT,110
C>T_ACA,135
C>T_ACC,60
C>T_ACG,439
C>T_ACT,89
C>T_CCA,78
C>T_CCC,75
C>T_CCG,274
C>T_CCT,106
C>T_GCA,99
C>T_GCC,80
C>T_GCG,383
C>T_GCT,91
C>T_TCA,136
C>T_TCC,126
C>T_TCG,182
C>T_TCT,151
T>A_ATA,58
T>A_ATC,42
T>A_ATG,49
T>A_ATT,111
T>A_CTA,36
T>A_CTC,40
T>A_CTG,39
T>A_CTT,61
T>A_GTA,30
T>A_GTC,17
T>A_GTG,37
T>A_GTT,46
T>A_TTA,96
T>A_TTC,46
T>A_TTG,28
T>A_TTT,111
T>C_ATA,120
T>C_ATC,47
T>C_ATG,83
T>C_ATT,122
T>C_CTA,51
T>C_CTC,30
T>C_CTG,50
T>C_CTT,63
T>C_GTA,75
T>C_GTC,60
T>C_GTG,48
T>C_GTT,77
T>C_TTA,69
T>C_TTC,64
T>C_TTG,43
T>C_TTT,89
T>G_ATA,29
T>G_ATC,10
T>G_ATG,19
T>G_ATT,26
T>G_CTA,15
T>G_CTC,18
T>G_CTG,20
T>G_CTT,45
T>G_GTA,15
T>G_GTC,9
T>G_GTG,18
T>G_GTT,28
T>G_TTA,26
T>G_TTC,16
T>G_TTG,31
T>G_TTT,68