1,AVVAPRTLLLLLSGALALTQTWAG
25,SHSMRYFSTSVSRPGSGEPRFIAVGYVDDTQFVRFDSDAASQRMEPRAPWMEQEEPEYWDRQTEISKTNAQIDLESLRIALRYYNQSED
47,AVGYVDDTQFVRFDSDAASQRMEPRAPWMEQEEPEYWDRQTQISKTNAQIDLESLRIALR
96,IDLESLRIALRYYNQSEA
117,TIQRMSGCDVGSDGRFLRGYRQDAYDGKDYIALNEDLRSWTAADMAAQITQRKWEAARQAEQLRAYLEGECMEWLRRYLENGKETLQRT
206,DAPKTHMTHHAVSDNEATLRCXALSFYPAEITLTWQR
206,DPPKTHMTHYPISDHEATLRCWALG
206,DPPKTHMTHHPISDHEATLRCWALGFYPAEITLTWQRDGEDQTQDTELVETRPAGDG
206,DPPKTHMTHHPISDHEATLRCWALSFYPAEITLTWQRDGEDQTQDTELVETRPAGDG
242,RDGEDQTQDTELVETRPAGDGTFQKWASVVVPSGQEQRYTCHVQHEGLPKPLTLRWE
262,GIFQKWAAVVVPSGEEQRYTCHVQHEGLPKPLTLRWE
298,EPSSQPTIPIVGILAGLVLFGAVIAGAVVAAVMWRRKS
299,PSSHPTIPIVGILAGLVLFGAVIAGAVVAAVMWRRKS
299,IPNLGIVSGPAVLAVLAVLAVLAV
337,DRKGGSYSQAAS
351,IAQGSDVSLTAC